id,category
1332370853242302464,1.0
1326178944077492227,0.0
1325774333504073728,2.0
1327983297549438976,1.0
1325699765930254336,1.0
1325940903563964416,0.0
1325897334018859008,1.0
1329084876570521600,2.0
1325869389518921728,1.0
1325878740598083585,2.0
1325979285937532928,0.0
1325697646909132800,0.0
1328846029081481217,0.0
1329059141189419008,2.0
1325863291298734080,2.0
1325782991113777155,0.0
1326764180955930624,1.0
1326202940886048770,0.0
1325884864374059009,0.0
1325798847340113921,2.0
1326140795255103488,2.0
1325720167867965440,1.0
1334464827666870272,0.0
1325919313300127750,2.0
1329677231128457216,0.0
1325816245783044096,2.0
1335025765528702976,1.0
1325863550821130241,2.0
1326820897949413376,1.0
1333785957527482368,1.0
1325803573490409474,2.0
1326106718519128064,1.0
1326056909888249857,0.0
1329054427685249027,2.0
1329215336344809472,2.0
1329048936309395458,2.0
1326130735154044933,2.0
1329207129752866819,2.0
1325819898421862400,2.0
1326042563116085248,1.0
1334313027513028611,2.0
1334468009956691968,1.0
1325795777441132544,0.0
1325923306676101127,2.0
1326137706003501057,2.0
1326174248583507968,0.0
1325895792054427648,2.0
1336077180095377408,2.0
1326211412566355973,1.0
1332442660540350464,0.0
1325809259184054275,0.0
1325690517724782593,1.0
1334598251253813249,1.0
1326103263779971072,2.0
1325868962131955713,0.0
1325786301472280576,0.0
1326041513252409344,0.0
1325857058554597377,0.0
1325846283949535235,0.0
1332776067837386752,1.0
1329051184896806919,2.0
1325995603298578440,0.0
1326094031978422272,2.0
1331281532456210433,1.0
1325781714938044421,0.0
1325887498254422016,2.0
1329074574219067401,0.0
1325682517148569600,0.0
1326215130544295939,2.0
1325887886953209856,0.0
1325892752467488770,0.0
1325836809859862535,2.0
1325867175400321025,2.0
1325770986571096064,2.0
1329104213176164353,0.0
1326194656342847488,0.0
1333023729908113408,0.0
1325858822087434243,0.0
1334612064346763264,1.0
1325782126365708300,2.0
1326167342338945024,0.0
1325813439567159297,2.0
1325775621428043776,0.0
1329059303655960576,0.0
1325680265084219393,0.0
1329092066148638729,0.0
1325804703834382337,0.0
1325827860997804032,0.0
1335789264605507586,1.0
1325768441370800128,1.0
1329092054836678656,1.0
1325770677580918785,1.0
1325795522502946817,0.0
1325684180483600384,1.0
1326227476654284800,2.0
1326017679191384065,2.0
1325997637640876032,0.0
1325689685943996416,1.0
1325796807738318850,2.0
1326131087081312259,1.0
1328315160302411784,2.0
1326000723973300231,1.0
1326058668995964928,0.0
1334623342700228617,2.0
1326196064249143300,0.0
1329220840844562432,0.0
1336369199019663360,1.0
1329055536818556935,1.0
1329041141556277251,0.0
1336514498706849794,1.0
1325770250042880000,2.0
1325770592235163649,2.0
1326139615514910720,0.0
1325670829984673793,2.0
1325816256805658624,0.0
1335592757981802496,0.0
1326222540616966145,0.0
1329830458033659908,1.0
1325800822475796481,0.0
1325771075737821184,2.0
1327109160144687106,0.0
1335326164710268932,1.0
1326152947965833216,0.0
1325836686018842634,0.0
1325689308318035969,0.0
1325684545245614081,1.0
1325792636205223941,0.0
1326125373814419456,0.0
1325665123436879874,2.0
1326115831890268160,2.0
1329067437032165376,2.0
1325933326239199244,0.0
1329569577156677632,1.0
1336104982081376258,0.0
1325818247686606849,0.0
1326142571068993537,0.0
1330773524810756097,1.0
1326095603496083456,2.0
1325994488859258882,0.0
1326130682721161216,2.0
1325866715281055746,2.0
1325868845119098880,2.0
1329206530311409665,1.0
1329359484758622209,0.0
1327040736894865409,1.0
1325976496192761856,0.0
1325770359090647040,1.0
1326744354099171328,1.0
1325883020759461889,2.0
1325830360635207681,1.0
1325866894503579649,0.0
1326149946467364865,1.0
1325898272586821632,1.0
1326237127617732609,0.0
1333810588967981062,2.0
1328673001727021056,1.0
1326186592847982593,2.0
1325671963537285120,1.0
1326136786779824129,1.0
1326078407491252225,0.0
1329072847340224515,2.0
1325775823551557633,0.0
1326147237425143808,0.0
1331593563365199873,1.0
1325685849795645440,2.0
1325865973891670018,2.0
1326032144800641025,0.0
1325770428737052673,0.0
1325770726255845376,2.0
1329224351879733249,0.0
1325816836286377984,2.0
1325889196662251520,2.0
1326196812047405058,1.0
1325837955706052608,0.0
1331602758227660801,1.0
1333754296765181954,1.0
1326148810649837569,0.0
1325807247553859587,2.0
1325889347195969536,0.0
1325882363604295681,2.0
1325971976922521600,2.0
1325785636817788928,0.0
1326198132384915459,0.0
1325822304815894531,0.0
1326212123266076674,0.0
1325897141697585152,2.0
1329834658729779205,2.0
1325667244660068353,1.0
1325770922838663168,0.0
1325866005688672256,0.0
1326078695887527938,0.0
1325900988025278465,0.0
1325715939925569537,1.0
1325992471688409088,0.0
1332447118338867201,2.0
1325691984217059329,1.0
1325872726599364609,0.0
1325788328076128259,2.0
1325740230083809284,0.0
1326079881516617729,0.0
1325675736892665856,1.0
1326080892146692097,0.0
1329083355732721664,1.0
1329213252648112128,1.0
1325770358297948160,2.0
1325668527559172096,1.0
1325869019140907010,0.0
1330671289363820546,1.0
1326124571578281985,1.0
1325782226403995650,0.0
1325770995442049025,2.0
1329963722769625088,1.0
1325885936450801664,2.0
1331715544119209985,1.0
1325880742883319808,0.0
1326034503702249473,2.0
1325774757023846404,0.0
1325860441621454848,2.0
1326124466594861057,1.0
1325746922439667713,0.0
1333841685378342912,0.0
1328083859318206465,1.0
1325805388067983360,1.0
1329095788379705345,1.0
1325957164616265728,2.0
1329113133361795073,0.0
1325794903331319808,0.0
1325900858643664897,0.0
1325711561365794816,2.0
1325817273358057473,2.0
1325668179591323648,0.0
1325862986792230912,0.0
1325887410949943296,0.0
1325770275716128768,2.0
1326041229214289922,2.0
1335597948797849600,1.0
1329054495049871362,1.0
1330302302251520000,1.0
1325828995116511232,0.0
1325807730494500864,0.0
1326168166695890944,0.0
1326129021369937926,0.0
1329081418534641665,1.0
1336386285569794050,1.0
1326238234326822912,0.0
1325784880702173184,0.0
1327341889293488128,1.0
1334722721742159876,1.0
1331401364539203585,2.0
1326173189978918913,0.0
1325709961096204293,0.0
1325786831477149696,2.0
1325784282795823104,0.0
1325775170041245696,0.0
1334113717810761732,2.0
1336297223643156480,1.0
1329131914792366080,1.0
1336217112000475136,1.0
1334524947809579009,1.0
1325670916005658624,0.0
1325904123775037440,0.0
1325864980160327682,2.0
1325771772554342401,2.0
1327019881003364352,1.0
1325896578310270980,0.0
1325919576786399234,2.0
1325704664621387777,1.0
1326157194585366529,2.0
1330986640358117377,1.0
1334902693874323457,2.0
1329081543566913536,2.0
1326251838526513152,1.0
1327454434696306690,2.0
1336113459180744705,1.0
1325822423325929474,1.0
1329048961601183747,0.0
1325941998726090752,0.0
1325881116260241408,0.0
1336098521800294402,2.0
1329092114945171465,1.0
1329088510335229952,2.0
1326143148125515777,2.0
1325933214649577472,1.0
1326234739053895683,0.0
1326003981789745152,0.0
1325922122091343872,1.0
1325820862185009152,2.0
1327729822416707584,1.0
1325894220314537987,0.0
1329811665039335424,0.0
1325678635139919873,0.0
1325706113891790848,1.0
1325815074989158400,0.0
1326142137919008769,2.0
1325813219064221697,2.0
1325863520823603207,0.0
1334354190227939331,2.0
1325917331462221825,1.0
1325784566083301376,0.0
1325770331441819649,1.0
1325665843703738369,1.0
1334248354855804928,1.0
1330941385042747397,2.0
1329053745481740289,2.0
1326238765027905543,2.0
1329207557441941510,1.0
1325972522857353217,1.0
1325883971922767874,0.0
1329600066269683713,1.0
1325770463323299841,2.0
1326144509177159681,2.0
1325776259452952576,0.0
1325721707441651713,2.0
1326657580152786945,1.0
1325866239042859014,0.0
1325671656883277824,0.0
1336317760628875264,0.0
1326415612269092864,2.0
1325888380853317632,2.0
1325779313745162240,2.0
1325688169891848194,0.0
1325857395420000256,2.0
1325667050057052160,1.0
1325810663076339714,2.0
1329078696020381696,0.0
1326125331275771904,2.0
1325802602974617600,0.0
1325862690020077575,1.0
1334035493324009475,1.0
1325792335029035009,0.0
1334044003843510274,2.0
1325911177608781830,2.0
1325990542161833985,0.0
1330983564750557188,2.0
1325864784026275851,2.0
1325729217737347075,0.0
1325770292199907330,2.0
1325818640613117952,0.0
1326195191640956928,2.0
1325768245996089344,2.0
1325811855663640577,2.0
1325772787978559490,2.0
1326057280597536768,1.0
1325835464666877953,2.0
1326047196794466304,1.0
1329771561671417856,1.0
1325844303822794752,0.0
1325891821214511104,2.0
1326088526283333635,0.0
1325795647228764162,0.0
1325862928877297665,0.0
1325865288945049600,1.0
1329599377745342466,1.0
1328390766100615175,1.0
1328753685644636161,1.0
1326055380644990977,0.0
1325779329071144963,2.0
1329095796659265538,1.0
1325805031996747778,2.0
1329809081222139905,1.0
1325771911259971584,0.0
1325789776704909315,2.0
1325880107593068546,0.0
1325864160677261312,0.0
1326206219510493184,2.0
1325903356108431360,0.0
1332910623018024962,1.0
1325780904657121281,0.0
1325817429902188547,2.0
1325770240526065664,2.0
1325843849206435841,1.0
1332278006056767489,1.0
1326090604074430464,1.0
1332696642575683584,0.0
1325807709430673408,2.0
1328445392523046913,1.0
1326124339805163521,0.0
1328368875486945282,2.0
1334171275871232004,0.0
1336029988194197505,2.0
1325849813297016833,0.0
1325782696853966849,2.0
1326168025075232771,0.0
1328426467366113280,2.0
1325777929708720129,1.0
1326147557580558339,0.0
1325915207995183105,0.0
1329055522268573699,1.0
1325862742264336385,2.0
1325779295948693504,2.0
1326156569835343872,2.0
1325792651002736640,0.0
1328709203230330880,1.0
1326081582504013825,0.0
1328510912051994625,0.0
1328362039564230656,1.0
1334311303045730304,1.0
1328376833859993603,1.0
1326454367734652928,2.0
1333679065082048513,1.0
1326023708977192960,2.0
1325957222669705216,0.0
1336310200144457728,2.0
1325861355505606656,0.0
1329081981020241925,0.0
1326079975804563456,0.0
1328077794358784000,1.0
1325874424378257414,2.0
1325694177951166465,2.0
1325947737184067585,1.0
1334139994223599619,0.0
1325866992184733700,0.0
1327661989817180160,0.0
1326156962179010560,0.0
1325886206262059008,0.0
1333078161442017280,1.0
1325788384686731264,2.0
1330888924256845826,1.0
1325860793783554053,1.0
1333785456182345740,1.0
1326134469825355782,0.0
1325864956869402630,2.0
1325951667657912327,2.0
1326157840520777729,0.0
1326634735980978178,0.0
1325770969470947329,2.0
1325792316716625920,2.0
1329071324212432896,2.0
1329213223690674176,1.0
1326247991032893440,0.0
1325862552002293766,0.0
1331561275286048773,1.0
1325863934495219718,2.0
1329055740334522368,0.0
1326051655171919874,2.0
1326188655715741696,0.0
1326195401930792963,0.0
1325770140118642689,1.0
1325770219986542593,2.0
1329251715195912192,2.0
1329061499722055680,2.0
1334255111217033222,1.0
1334065144947732481,1.0
1325984882317733892,0.0
1325864779609743362,2.0
1325877862495375360,0.0
1328048882543161346,0.0
1329097920227008515,2.0
1325770406746271745,1.0
1325816057555279874,0.0
1325862264927219713,2.0
1325805873340567560,0.0
1325871438268690432,2.0
1329770026451173376,1.0
1334547196629426177,2.0
1334888142739042305,1.0
1325671961985380353,2.0
1334700653352906755,1.0
1325906769126825985,2.0
1329053734010310656,2.0
1325952405922570241,2.0
1325777912201682945,0.0
1326201798860926982,0.0
1325889147337383936,2.0
1326070935548547074,0.0
1325770456700497926,2.0
1325784117045309442,2.0
1325705412876890112,1.0
1326090567554625539,0.0
1325770296394215424,2.0
1325892045282664450,2.0
1328691847296913408,0.0
1333065313341018113,1.0
1329132050008346624,1.0
1325861716178178049,2.0
1327248112541458433,1.0
1326191117499555840,0.0
1325770509217361922,2.0
1326148004336824321,0.0
1325770478636703744,0.0
1325770797408002050,2.0
1325886648459145223,2.0
1325770840143659008,2.0
1325800777651261444,2.0
1333057259178344449,1.0
1325691417763606530,1.0
1325927702424117249,0.0
1326136291965153282,1.0
1326100573507235840,2.0
1325677934724616192,1.0
1325938732709474304,1.0
1325778424363888640,1.0
1329054422643642369,1.0
1325868108230262784,1.0
1325847873511108608,0.0
1325775816920363008,2.0
1325770997497290752,2.0
1329131901701992450,2.0
1327692817163034625,2.0
1325781134605684743,0.0
1325898179947229185,0.0
1325863565161455616,2.0
1329152717021876224,2.0
1325827411611701248,1.0
1325694613366034432,1.0
1325981757817151488,1.0
1329066049514442754,1.0
1325887121639563270,2.0
1335166818118488071,1.0
1325789053892124673,0.0
1333478825934536706,1.0
1334063748634570754,2.0
1334330494092259330,1.0
1326096750604656641,0.0
1325770582852558849,2.0
1325805498344611840,2.0
1325806979432976385,2.0
1328644856802054145,1.0
1325697146834870272,1.0
1326058945270611969,0.0
1334789223954718720,1.0
1325866852887695363,2.0
1325923357808881665,0.0
1326077441710804993,0.0
1325985742569476098,0.0
1325982034586554368,1.0
1325840256311111683,0.0
1325770796883714049,2.0
1325806514632847360,0.0
1326149431905972224,2.0
1326233070727524364,2.0
1332386700283191302,0.0
1334519204708540425,0.0
1325681720947978240,2.0
1325698740582223875,1.0
1325889379613675522,0.0
1325778463110868994,1.0
1325683305686200320,1.0
1325770346868338688,1.0
1325886012732608520,2.0
1326014717811286017,2.0
1326148930321719297,1.0
1326241508564066305,0.0
1325770132275261442,1.0
1335955221470732291,1.0
1333792125700382721,1.0
1325804322941100032,0.0
1325837109438128130,2.0
1325671980360724480,1.0
1329063222360633349,1.0
1325669230281326592,0.0
1325770311875301377,1.0
1326007681325424641,1.0
1325801482063663104,2.0
1325679742939508737,1.0
1325950705685979136,0.0
1326169682630598656,0.0
1325673192200019969,1.0
1325870206237995009,2.0
1326817064607117312,0.0
1327373263253757958,1.0
1325801253495037952,0.0
1325794870921981952,1.0
1326260888354103298,0.0
1326205882816978950,0.0
1325770169717764096,2.0
1325886251782856704,0.0
1325803108883193856,0.0
1326115991160459265,0.0
1329033331128766464,0.0
1333147480293322752,1.0
1326184685794418693,2.0
1325894786809819143,2.0
1331341189279338497,1.0
1325685309984534528,2.0
1326080168788627457,0.0
1325914405712789509,2.0
1328413013674778626,2.0
1325866463333249025,0.0
1334375153673900032,1.0
1325852500054904834,2.0
1325666707587919872,1.0
1325883281389350912,2.0
1327041306770763777,0.0
1325788263051878402,2.0
1325770183990972416,2.0
1328457046438649856,0.0
1325895352168435719,2.0
1326170425186013185,2.0
1326405757831622662,0.0
1330911501566291968,1.0
1326198142837137411,2.0
1332698843469795330,1.0
1325852039922978822,0.0
1329132135983288322,1.0
1328333416077488130,2.0
1325868729536712704,1.0
1325798837072457731,2.0
1333783529226813440,1.0
1326007663830949888,2.0
1332586404702867456,1.0
1325671957132578821,1.0
1327273328986492930,1.0
1325783591742283788,2.0
1325772268140519425,2.0
1333660473510699009,1.0
1336218017013829635,2.0
1325670033243037696,1.0
1325903676523900928,2.0
1326129821638914048,0.0
1326202772329439232,0.0
1325825401126608896,0.0
1334970267458789378,1.0
1326163628656107522,2.0
1334954615532470273,1.0
1325829889111576576,0.0
1325770516540559361,1.0
1331673477779230720,1.0
1334186180804546568,1.0
1334318453822377984,1.0
1331668287592206336,1.0
1328329002264702978,2.0
1329059930876342272,2.0
1334531658926743552,2.0
1325881783846625282,2.0
1326136889846345728,2.0
1325770951468978176,2.0
1325883076338200577,0.0
1327681730648674306,1.0
1325816959284469760,1.0
1332072430886551552,0.0
1326253861015838722,0.0
1326154574676324359,0.0
1329368018883915777,2.0
1325770647604228096,2.0
1325850899848208384,2.0
1326014262465196032,0.0
1326206261541576704,1.0
1325911151960612869,2.0
1325717581894967297,1.0
1326222615799853060,0.0
1325718078227951617,0.0
1325866975386624000,2.0
1325864778477285382,0.0
1326151338212855808,0.0
1329042766337363970,0.0
1335572343150809093,1.0
1326190228428754944,2.0
1326140347743924225,1.0
1336136808330096641,1.0
1328387439443013638,1.0
1325682034124218368,1.0
1325843871717273600,0.0
1330816957155831808,2.0
1329095849897566208,1.0
1331607057049509888,2.0
1325804892326420481,2.0
1325771092569559042,2.0
1325666478742441984,1.0
1329032166727102465,0.0
1325864341229494272,2.0
1329083346614304768,1.0
1325818748700332033,0.0
1329988151973191689,1.0
1336232926288236544,2.0
1326227361344360448,0.0
1325829737021927426,0.0
1333230855150563328,0.0
1326162447498153986,0.0
1326237172878413827,0.0
1326104334019551235,1.0
1325770180690137090,1.0
1325864332601724929,2.0
1325786815253639168,0.0
1333574583946014721,2.0
1327237180440326146,0.0
1326162490514927616,1.0
1325770317739020288,2.0
1325870162357211137,0.0
1326261896572506114,0.0
1332698032530358275,1.0
1329071267111002113,2.0
1325676230654504988,1.0
1325866206314848258,2.0
1326088767413886979,0.0
1326987033479434240,2.0
1326038348197203968,0.0
1325964439489744896,0.0
1326175478143651841,2.0
1330985945458487300,1.0
1325823788815159296,2.0
1326041899644284928,2.0
1325939668505006085,1.0
1326140489595281409,2.0
1325903586195349506,0.0
1325873753373483011,2.0
1326143098305523719,0.0
1325794335095451648,1.0
1336372230511587329,1.0
1325806524577484801,1.0
1334455226145722371,1.0
1325770187874824192,1.0
1325942298392358913,0.0
1336058756677832704,1.0
1325884552011636736,2.0
1326111579826499585,0.0
1326244182072188935,1.0
1326211467981410305,1.0
1325770121344905228,1.0
1325700953287389186,1.0
1336282692862824451,1.0
1331955950757023747,2.0
1325695267383881728,2.0
1326003987691266048,0.0
1325938611137568769,0.0
1325788452076589057,2.0
1332780068700119046,1.0
1325852891958177792,0.0
1325879280996388864,2.0
1325685441618534400,0.0
1328092825720815616,0.0
1325888397014048768,2.0
1326228081548419073,0.0
1326211489968033792,0.0
1326130899453407233,1.0
1325778766174572544,0.0
1332597142700122112,0.0
1326055649764143106,0.0
1332703989452910597,1.0
1329213144963510273,1.0
1326109491755151360,2.0
1325904955417505793,1.0
1326211742540705793,2.0
1327977397652656129,1.0
1331195252061954049,2.0
1334525185014161408,1.0
1326213374418542593,2.0
1326252115099082753,0.0
1326233489700769794,0.0
1334847647925088257,1.0
1325781920635105280,0.0
1326065514679037952,0.0
1336335020680564740,1.0
1334602189633966080,1.0
1325770816051687425,2.0
1325770194816536578,2.0
1331084554887696390,2.0
1325908814462382088,2.0
1326216264512131085,0.0
1325792648020561922,0.0
1325770406184280069,2.0
1327447319135088640,2.0
1325687638699991044,0.0
1325926567386767361,0.0
1325770438866325504,2.0
1329038784630059013,0.0
1325671903302987776,0.0
1325846308893069312,2.0
1325861847430553600,0.0
1328361716464447490,1.0
1325806222281371649,2.0
1325770286793428993,2.0
1330534822645813250,2.0
1325905941682769920,2.0
1331012395783901188,2.0
1326130876997013505,1.0
1330788228123807744,1.0
1325767699323121664,2.0
1334669807384489985,1.0
1325863044405190656,2.0
1325788999647068160,2.0
1336009015344631808,1.0
1330926694308458498,0.0
1326085939941224449,1.0
1325767725864660992,1.0
1325841220749324290,0.0
1325771805840330752,0.0
1325770320779751424,2.0
1330912677233717248,1.0
1325698713038303232,1.0
1325688319972241408,1.0
1334401826309853184,0.0
1325862714053423107,0.0
1325797019399692290,0.0
1325850034685042689,0.0
1328714512665460737,2.0
1325781860647985152,0.0
1328942976186413058,0.0
1325776061993508864,2.0
1325770398269648896,2.0
1334190040189198348,1.0
1326150499222122497,2.0
1326024375359791104,0.0
1326250908171313152,2.0
1325849244943732737,0.0
1325778814178353156,2.0
1325829660735889410,0.0
1326661747923689479,1.0
1336514006195048450,1.0
1334960530163830785,1.0
1326090604607135746,2.0
1325825244804820993,0.0
1326631633697562625,2.0
1325889161254084608,0.0
1334527911366455302,0.0
1325902161583149068,2.0
1325855707174940677,0.0
1329482084943970307,1.0
1336290573217566722,1.0
1325849196856020993,0.0
1330093701071302658,0.0
1325822030634049536,0.0
1329079183855611907,2.0
1325703503118032896,0.0
1325877822842306562,0.0
1326130814724141058,1.0
1336179892233396226,1.0
1334912613512261635,0.0
1333775137594806277,2.0
1325954609945391104,0.0
1330831663312486402,2.0
1325665545572790274,1.0
1325770424651833344,2.0
1325817701223239681,0.0
1326211470024204290,1.0
1325776373991018497,2.0
1325862811742900227,1.0
1325687022678278149,1.0
1325901045944422405,1.0
1325898749391097858,0.0
1325859756917972993,2.0
1326059900460523520,0.0
1329780414534324226,0.0
1329738356591267840,1.0
1332514549560471553,1.0
1329213260806045697,2.0
1327738607721824256,1.0
1325818275482263559,0.0
1325919813269553152,0.0
1328343208598908932,1.0
1326147603617222656,1.0
1334160318126198784,0.0
1326170149137813504,0.0
1328579139348127750,1.0
1325904420673101827,2.0
1325922057700462594,2.0
1325987357162672128,2.0
1325814176686645248,0.0
1325901973590249480,0.0
1325799883861848065,0.0
1334508900293480451,1.0
1326157247555100672,2.0
1325821356575961090,2.0
1325883637238276096,2.0
1334632881826779137,1.0
1328173867890860032,0.0
1335330571333976064,1.0
1326211459924242445,1.0
1325810657749446657,0.0
1328741320106471426,1.0
1325879754466189318,2.0
1334160426968502275,1.0
1329849756546424834,1.0
1325806505774505984,1.0
1336193532973862921,1.0
1332233133140238336,2.0
1334173038091194369,1.0
1329967713859624960,2.0
1330831649697718272,2.0
1325892052907909120,1.0
1326028535404785664,0.0
1326164587624980480,0.0
1331711511644037120,0.0
1334504146158936065,1.0
1331577755331334144,1.0
1325895875772571648,0.0
1325768638834552832,2.0
1326179684825042950,0.0
1325711260760088577,0.0
1329207564114956291,1.0
1336496897574506497,0.0
1325866261176344576,0.0
1325922127237746688,1.0
1329237450384756736,0.0
1326090625213734912,2.0
1325812831611183105,2.0
1326154145934569479,2.0
1326172435721441287,1.0
1326149751910313991,0.0
1336302472692895744,1.0
1325770354187497472,2.0
1325869326100934656,1.0
1325798458889039873,2.0
1325893924750155777,2.0
1325696797117911040,0.0
1329132022720237579,2.0
1335498954776190976,1.0
1332881655896354816,2.0
1334552984253063169,1.0
1325690252745388034,0.0
1334075173343956994,1.0
1329059146960936962,2.0
1326202473527320580,2.0
1326858163656642561,1.0
1325691035519909891,2.0
1325779532255784961,1.0
1329982989846147076,2.0
1325862501439954944,0.0
1325771017848037378,1.0
1325938735561793542,0.0
1326228238360748032,0.0
1325867339150028803,0.0
1326051411726131200,2.0
1329055323286626304,2.0
1328747467735707650,1.0
1326093524794822656,2.0
1328435867266867200,1.0
1327483871382933504,1.0
1325816970969755648,2.0
1329083228745990154,2.0
1326221076393816064,0.0
1335192599892783112,0.0
1325824134711013377,2.0
1329462696287367174,1.0
1326231964551147521,2.0
1326064371362013189,0.0
1336082920721711106,1.0
1334469605646082048,2.0
1325805392102895616,0.0
1325861344705355776,2.0
1325906851930759168,0.0
1329484755604267011,2.0
1325810431001202690,2.0
1325677181758918661,1.0
1329206272747573250,1.0
1325819399157248001,2.0
1325676206935707648,1.0
1325770145839640577,1.0
1325770431786344449,2.0
1326541788430020613,1.0
1325958965172166656,2.0
1325770975837876224,2.0
1325824138867601410,0.0
1325746069007970304,0.0
1325690910005452801,0.0
1328968109471002624,0.0
1329232904111742976,2.0
1333993012817399808,1.0
1326104318790033409,1.0
1325849243110793216,0.0
1326132521302679553,2.0
1327071047091249152,2.0
1332279470716186624,1.0
1329290320396185600,1.0
1335759871732543494,0.0
1325807873725698049,0.0
1330954472818962432,1.0
1325850773830381568,0.0
1326175492949614594,0.0
1326200493715189767,1.0
1325702200220377088,1.0
1325688183485423616,0.0
1325780665741275142,2.0
1330229744462249984,1.0
1325909903488258050,2.0
1325893521115664384,2.0
1334574445847932928,1.0
1325767698354216960,1.0
1325866029923389440,2.0
1325971778288709638,2.0
1326066917300346882,0.0
1334610960867274755,1.0
1325696660517740545,1.0
1325728176543203330,0.0
1330869252740571136,2.0
1326028681362300928,2.0
1325972309405036551,0.0
1325965503001747456,0.0
1325778844373147650,2.0
1325889967189614592,2.0
1336146276782493696,1.0
1325815885806923779,0.0
1326040384015921152,0.0
1326085995356368897,1.0
1329059873062084608,2.0
1325783475086118912,0.0
1325675378678124544,1.0
1326240629291180032,1.0
1336347995479085056,0.0
1325859970840109058,2.0
1326082391094517761,1.0
1325803210544656386,2.0
1334505628342087682,1.0
1335931866474549248,2.0
1325999284832104449,2.0
1325668556680224768,1.0
1325690473969840131,0.0
1329095723250540549,1.0
1325864607588605952,2.0
1325708900126121987,1.0
1331686794891554820,0.0
1332172591155429377,1.0
1325804648981258240,2.0
1336058277164146691,1.0
1334615066302418950,2.0
1325772515097145353,1.0
1325915476552200193,2.0
1325704426137423874,2.0
1325815755225575426,2.0
1330918352907350016,1.0
1325810459648331776,0.0
1334323270552858627,0.0
1325770362957737984,1.0
1336049949390204928,2.0
1329081389237501956,0.0
1329038095107420163,2.0
1326233106110685186,1.0
1325901223652782081,2.0
1325920481942319115,0.0
1329097897158258689,1.0
1325695984551256065,2.0
1325702604031193088,0.0
1325919753437769729,0.0
1325868732988723214,0.0
1331346544751112194,0.0
1325868028861374464,2.0
1325818857475502082,1.0
1325964303535575041,2.0
1334120673434853378,1.0
1330654731514114048,1.0
1325894703959728129,2.0
1326081076641533952,0.0
1325856207022686209,2.0
1326077602147266566,0.0
1329061546203500546,0.0
1325788428257079298,2.0
1335946606504517632,1.0
1325770682664357889,2.0
1325866968457601025,0.0
1326173577872351232,0.0
1326227546141155329,1.0
1326252151849578497,0.0
1325807528136019968,0.0
1325809785464213504,2.0
1326238448781586432,2.0
1326046594463117313,0.0
1325840867068801024,2.0
1335895477271764992,1.0
1326085870127099906,1.0
1325849221791145984,0.0
1329888836298608641,1.0
1329066021299367938,2.0
1326058991710040064,0.0
1326251898723299330,1.0
1325805495500804096,0.0
1328359342022672387,1.0
1334064535037222913,1.0
1329084945289998338,0.0
1334163937215049731,0.0
1330839553268178946,1.0
1325669725179842562,1.0
1325770587055255552,1.0
1325867141036433408,2.0
1325687063048450048,1.0
1334582468184334338,1.0
1325778434627416064,1.0
1326042756486139904,0.0
1325685869970247680,1.0
1325776898782158850,2.0
1325867381269426176,2.0
1325998964777349120,0.0
1325796590234251264,0.0
1325703771553456129,2.0
1326147610231640064,1.0
1326107975581265921,2.0
1326053175653261314,2.0
1325719934056472578,1.0
1330563429837389824,1.0
1329081093467762692,2.0
1329213271199477760,1.0
1325905762351247360,0.0
1325847744163024903,2.0
1326070197321691136,2.0
1325920541992251392,0.0
1327403728903811072,0.0
1325838453699874822,0.0
1327057472947851264,1.0
1325862987098361856,0.0
1329098716263952384,0.0
1326151480672317442,0.0
1329853129072943105,0.0
1325770295425241091,2.0
1336457623948779522,1.0
1334093114311536641,1.0
1325916420409077763,2.0
1325878782524190721,2.0
1325970239432093702,1.0
1326129307417260033,0.0
1325814863688556545,0.0
1325858102420254720,2.0
1326233486060085251,2.0
1325806245773791233,0.0
1335627407475142659,2.0
1326036676402032641,0.0
1336002036505206793,2.0
1325811647622025219,0.0
1326150469484486657,1.0
1325977707495223296,0.0
1325824831363944448,1.0
1325864831690436611,0.0
1325921872781864960,2.0
1325816727217840128,0.0
1325956617087541249,0.0
1336067829217390593,2.0
1326166880709652486,2.0
1326124328224653312,1.0
1325697293555789824,2.0
1326570568909459458,1.0
1328288443185684481,2.0
1325885918784401409,0.0
1329514907302309898,2.0
1325807705970278400,0.0
1325703581090115584,1.0
1325981364060102659,0.0
1334742364196245506,1.0
1325689065753219077,1.0
1329095636181012481,0.0
1330067739101302785,2.0
1336292540568387589,1.0
1325667891073708032,1.0
1327551122303709186,1.0
1326105064411426818,2.0
1325926281758744581,0.0
1330480566878269444,2.0
1336100611587072000,1.0
1325867996334743552,0.0
1325899259649134593,0.0
1325694691560468480,1.0
1325671104615120896,1.0
1325770314492628993,2.0
1325896148968747009,1.0
1326176430217191428,2.0
1325826123939319813,0.0
1332274383600148480,1.0
1326156091768659968,0.0
1325699189855105025,0.0
1325900923223367688,2.0
1329053710950002688,2.0
1325880740727414790,2.0
1329095536247328768,2.0
1325770447552737281,2.0
1325870471989047297,0.0
1325872834888019970,2.0
1325867474185838593,0.0
1329071023019450368,2.0
1325827540368363520,2.0
1329160684488314883,0.0
1325901056304279553,1.0
1325862785893294081,1.0
1325857758244171776,2.0
1325675860825837569,1.0
1331393636433612800,1.0
1326130890339053568,1.0
1330240368231800835,2.0
1332568619117514753,1.0
1325890614815313923,2.0
1330954508097171456,2.0
1325708634748235776,0.0
1325816947188129793,0.0
1326032220386172928,2.0
1325806525307375618,2.0
1334084110013190144,2.0
1332411132573675520,2.0
1332357025033031681,1.0
1325707913529348096,0.0
1328525319905681408,1.0
1325672694151569408,0.0
1325683343447388160,2.0
1325804647509090304,0.0
1326076256769757184,0.0
1325706456356835328,1.0
1325901244184059904,2.0
1325770333845155847,1.0
1327430962372775936,1.0
1325822030000787461,0.0
1325833916687724547,0.0
1326115185950658564,0.0
1325814456350289920,2.0
1325893938406961158,0.0
1328275044271869954,1.0
1326941609620082696,2.0
1325806879671508993,2.0
1326227004748926977,2.0
1332789053641551872,0.0
1325704525580218370,1.0
1326925933962547201,1.0
1325815048275636224,0.0
1325879628267974665,2.0
1326148894024224769,1.0
1329207613070991365,2.0
1325843226092335107,2.0
1326585786683314177,0.0
1326115586087268352,2.0
1325796907407601667,1.0
1325982306675339269,0.0
1329046368657268737,0.0
1334952762132541442,0.0
1325670526887493632,1.0
1325847746616680448,1.0
1326158284777164802,0.0
1325864919586246671,2.0
1326196866959233024,0.0
1325772516451868678,2.0
1325666010335080448,1.0
1333415431705681920,1.0
1329550015820304386,2.0
1325672362029834240,1.0
1326090253036376064,0.0
1325980695622193152,0.0
1325786648332922880,0.0
1325898563839283200,0.0
1325669904280940544,2.0
1325770403730452480,1.0
1325874798220685312,2.0
1325798830852485120,2.0
1325861715075018754,0.0
1325726248967041026,0.0
1325788457625595905,0.0
1329206690110197760,2.0
1325865053191610369,2.0
1325785708620115968,2.0
1325854108545404928,1.0
1332520586657067008,1.0
1325664537677357057,0.0
1336348266221293569,2.0
1329056298856370177,1.0
1334157411981135872,1.0
1325710612186320896,1.0
1326003586757693444,1.0
1326209240336392193,0.0
1325795099503177729,2.0
1325942296630747137,0.0
1325878956168540166,0.0
1326147600211390464,1.0
1326164906714992641,0.0
1325780857626488838,1.0
1325684017073680390,1.0
1325803482939469828,0.0
1331842544951504898,1.0
1334139390407348225,1.0
1325879473972142080,2.0
1335710496100519936,1.0
1325667775755546624,0.0
1325972419354324992,1.0
1326076613323227137,1.0
1325710243100291074,1.0
1328012779400421382,1.0
1325987233225084928,0.0
1325806541224759296,1.0
1330736205286285312,1.0
1325846856446914560,2.0
1325811207111106560,1.0
1331629788834918401,1.0
1328962789717790727,0.0
1325770868983738369,1.0
1326089802501021696,0.0
1329213233899532290,1.0
1325713237694836736,1.0
1327564439739129863,2.0
1325803932216664064,1.0
1325827107709181955,0.0
1334648545203392512,1.0
1325832765758181376,0.0
1325770595884281856,0.0
1326130892125966336,1.0
1326230407621304322,0.0
1325990182726864898,2.0
1329898299264995338,1.0
1334336837867880450,2.0
1334504927843016705,1.0
1325862501003767809,1.0
1325870326828425216,0.0
1326213491250900994,2.0
1328310186138886147,2.0
1325688694523785218,0.0
1326025896134909953,0.0
1325673563517497344,0.0
1325784145297985536,2.0
1329808535983710211,0.0
1334574828775297024,2.0
1325940033136680960,0.0
1329059940946694146,1.0
1334049060467171328,1.0
1326079650263683072,1.0
1325772563180515328,2.0
1325720805066469376,2.0
1328755474796322816,0.0
1325942190539943937,2.0
1325944390653767680,0.0
1325798810581422081,0.0
1329060005803331585,2.0
1326130196332883970,0.0
1326148485331169280,0.0
1326163605864243202,2.0
1334632862163726336,1.0
1325880964967329794,0.0
1325770534525800448,1.0
1325923605474140161,0.0
1329767117395275777,0.0
1334704781454168067,1.0
1336275829442170881,1.0
1325673842749173761,1.0
1325876199218847744,0.0
1326121930244714498,0.0
1325773938677387265,2.0
1336429173263491074,1.0
1327662622112686080,1.0
1325920414082588673,2.0
1329071295376498688,1.0
1326116109909700610,0.0
1325813249669992448,1.0
1327110665065074689,2.0
1326159167426584579,2.0
1325830316905336833,0.0
1329081315950428160,2.0
1326191011958321154,2.0
1329255884502020096,0.0
1325880698042003457,1.0
1330358947862245378,1.0
1336218339916410880,1.0
1325669051411034112,1.0
1325770343676596224,1.0
1330958092247441420,1.0
1336468098845724681,1.0
1325822034585194496,2.0
1325776095111753730,2.0
1326069079250235392,2.0
1325803819075207169,2.0
1325666723270422529,1.0
1331527972000587778,2.0
1330916358431924226,2.0
1334757962347401216,1.0
1328339651879456768,1.0
1326106781483937792,2.0
1325989762063282176,2.0
1325821835573858306,2.0
1326223807170932742,1.0
1335123242533543936,1.0
1325812241195823111,2.0
1325900103438184448,2.0
1325932341144014852,2.0
1325792445016256514,0.0
1325668430800953346,0.0
1329142370089185281,2.0
1334948336114216960,1.0
1335993536118845440,0.0
1329055489309675520,2.0
1329048947382370307,2.0
1325860458243510272,0.0
1325847909225684992,0.0
1328364096907927552,0.0
1334293765763325954,0.0
1325861422035820560,2.0
1325931184342396928,2.0
1325849366398193672,1.0
1325770458374025218,2.0
1328516432401936390,0.0
1326072031138336770,2.0
1325835669160259585,0.0
1325835477031788546,0.0
1325772633980461056,1.0
1328711265238216706,2.0
1332176242678775808,1.0
1325862970497376256,2.0
1326207770446553088,2.0
1326130631374479361,0.0
1325707222194778112,1.0
1326009601666371584,2.0
1326148921417199616,0.0
1325887000260521985,1.0
1329061714596388869,2.0
1326717891660615682,1.0
1325803281256476677,2.0
1325771071971319809,2.0
1326007565893980160,1.0
1328606208618590209,0.0
1325873056284372992,2.0
1329060176813559811,1.0
1325770602934919171,2.0
1325825579329990660,0.0
1334207767951912963,1.0
1326156150275002368,0.0
1329024637196439552,0.0
1334553942315831301,1.0
1325861328892944384,1.0
1328677700505128962,1.0
1325926513594818562,0.0
1326214705753436160,0.0
1325813565232721921,0.0
1329059180330758147,1.0
1325962320296734722,0.0
1325673553015025664,1.0
1326183956610502661,2.0
1325880942687375362,2.0
1329097525140328448,2.0
1325920386274488321,0.0
1325675382188593152,1.0
1325702927844069382,1.0
1326173789101678592,2.0
1326010377994293248,2.0
1326250976932745216,0.0
1329052596695392261,2.0
1325835611689922562,2.0
1325770316052836353,1.0
1325770527894540288,2.0
1328384698977050627,1.0
1325868131982696448,2.0
1326173223122325504,0.0
1326054146009665536,1.0
1328714735089377280,1.0
1329043077827342338,2.0
1325672856567476229,1.0
1325899336857825280,0.0
1333962855352209409,1.0
1329207390076604420,0.0
1326238985472110592,0.0
1326228968534659073,2.0
1326004984627007488,2.0
1330819137615003648,2.0
1329758333755154434,1.0
1325885965127348229,1.0
1329207377581707287,2.0
1325810207184859136,0.0
1325895375430049792,2.0
1328616134086516736,1.0
1325743787692482560,0.0
1326116633467789312,1.0
1326045525104340994,0.0
1334679199878090752,0.0
1325770212407382017,2.0
1332812279293779968,1.0
1325871580648443911,1.0
1326223239945875456,0.0
1325802178242613249,2.0
1325875078677078018,0.0
1328340955292954624,1.0
1334094192000327680,1.0
1326202792235692032,2.0
1325962630809473024,0.0
1325864976821743616,0.0
1334175120320065537,1.0
1325781522075578368,2.0
1325770397179129856,2.0
1325808241331200001,0.0
1336488721965850627,1.0
1325835412686991363,0.0
1325911112676749312,1.0
1325833134252978180,1.0
1336341910588444672,1.0
1325805526110892034,1.0
1326157339699916801,2.0
1326227492038987785,2.0
1329024541339897858,0.0
1329071205911908355,2.0
1326540632307871753,1.0
1325674982018482176,1.0
1333284454907961345,1.0
1326151473697316884,0.0
1334798947018268673,1.0
1335293296462073858,1.0
1326067653790720000,1.0
1328346317656104960,2.0
1326130520925855746,0.0
1326129599571517441,2.0
1325922939146018818,0.0
1325862455239565313,0.0
1325882371279908864,2.0
1325886475913859073,2.0
1334609801486217218,0.0
1325784039081598977,2.0
1329044412194721793,2.0
1325935761225478144,2.0
1325898594109501440,1.0
1325948586501296130,0.0
1326656860301250560,0.0
1330168911439015938,1.0
1325770643716059138,2.0
1325670627655741440,0.0
1325938092134592512,2.0
1326080214271725570,2.0
1329060893469052929,0.0
1327285024052436994,2.0
1326010539357528064,0.0
1329055519592558592,2.0
1331386778985512960,1.0
1325857373517455361,0.0
1325818485721747456,2.0
1330359566475915266,0.0
1326129063539388418,0.0
1325952499816271872,0.0
1326215252212637696,2.0
1326051540495425536,1.0
1325923962572865537,0.0
1325818857043451905,0.0
1326199045673676800,1.0
1336450178941784066,1.0
1334111879078293512,1.0
1328761918694305793,1.0
1326091918443483136,1.0
1329213260319494145,1.0
1325706061727358976,0.0
1325673772586819585,1.0
1325693012786114560,0.0
1325896910272679937,0.0
1325806534715170816,2.0
1325776362368593920,2.0
1325678858633310208,0.0
1329066489866047490,0.0
1328888353895325696,1.0
1329566993259909122,1.0
1336367923846393857,2.0
1325856601929097216,2.0
1329082364425748486,2.0
1325771106784079872,2.0
1326513840943718401,2.0
1329213104929075206,1.0
1328321254919639043,2.0
1325780658996785152,2.0
1328605625035710465,0.0
1325770625244405760,2.0
1325778808683814915,0.0
1329786668472266755,1.0
1326157801379549185,0.0
1334998424643461120,1.0
1325939094766067712,2.0
1325878942373474306,2.0
1326254831904976896,0.0
1326154261944799233,0.0
1325771030057676800,2.0
1329298884414251008,1.0
1325687979101179905,0.0
1329232813133078531,0.0
1336316819238477827,1.0
1329041004494729217,0.0
1325719861398560768,0.0
1325770589387296768,2.0
1325840565934706693,0.0
1334651779619942400,1.0
1336202403096485889,1.0
1325852551024152580,0.0
1325771935444307969,2.0
1326130745669246978,2.0
1325847206633459714,0.0
1325773581461065735,2.0
1329095793953951746,0.0
1329941350049931266,0.0
1325856601450967041,0.0
1325968553846034432,1.0
1335010128710434816,1.0
1334139491565662212,1.0
1325809770566053888,0.0
1325972470617272322,0.0
1335830988031729664,1.0
1326109473832841217,0.0
1325920012725530624,2.0
1325974870077927424,0.0
1328030069424533504,0.0
1325685028811120646,0.0
1329081519076372481,2.0
1328839885923422209,2.0
1325921685971800066,1.0
1334236590223355904,1.0
1325834602792030218,2.0
1325866807421513728,2.0
1326176171881603072,2.0
1325770191612104705,1.0
1325871392341028864,2.0
1334328763396444163,1.0
1325779379805249538,0.0
1326095487674568704,2.0
1325690354264379395,0.0
1325879605090258944,0.0
1325862092394561536,2.0
1325823040127705093,2.0
1326161331901394944,0.0
1333874790990491653,1.0
1325794903608217600,2.0
1326159726741229568,0.0
1325930622460850176,0.0
1326123764422115331,0.0
1325770698019786753,2.0
1334524617306886144,2.0
1325720158086848518,1.0
1327454849131302912,1.0
1336434944646770689,1.0
1326121661800849409,2.0
1325829674191171585,1.0
1325770255633969157,1.0
1325939517761617920,0.0
1325680784452145153,2.0
1326128262825865223,0.0
1325668523733999617,1.0
1325786858966683648,0.0
1325809009090301953,1.0
1336529010768146433,1.0
1326095247819104256,0.0
1325845063528833025,0.0
1334638391992979457,2.0
1325864111708631040,2.0
1325770158498074624,1.0
1325897696679485441,2.0
1325717770756042753,1.0
1329535750065557509,0.0
1325804913323094018,2.0
1325673426699235328,0.0
1325861165440905217,1.0
1328640174516002816,2.0
1325818859861970949,1.0
1325781327094841344,2.0
1326130950871388161,1.0
1325891033746595851,2.0
1325790225889517569,1.0
1327293931458097152,1.0
1326224108741398529,0.0
1333484228848193536,1.0
1328869141617520640,1.0
1325924202571046913,0.0
1325673414837882880,1.0
1325781852565757952,0.0
1325821458891886592,2.0
1326151433180180481,2.0
1325804278984937474,2.0
1325770684002398209,2.0
1326202758538670080,0.0
1326233115900190725,1.0
1331240083463303168,1.0
1336203615220822020,1.0
1330851811767459841,0.0
1329095785393258497,1.0
1329261613568888835,0.0
1326051483645693953,2.0
1325872128139407364,2.0
1332594799728156674,1.0
1325806517992493056,2.0
1325778850756898817,0.0
1325866916985114625,1.0
1335675329764069377,1.0
1325674145498214400,1.0
1325897899943718912,2.0
1325812005534633985,0.0
1325812278298619910,0.0
1334750441599590400,1.0
1325809049645051908,1.0
1326180325941268488,0.0
1325811740458831874,0.0
1325897537958580226,2.0
1328779497328488448,1.0
1326124405446107138,2.0
1326062247412551681,1.0
1326214696266047488,2.0
1325908205474603009,2.0
1328368776618905601,1.0
1334195739740807168,2.0
1325879768185712640,2.0
1325792915776540673,2.0
1328900102031888389,1.0
1333442933199040513,1.0
1325872843662483456,2.0
1325770201108017152,2.0
1336311504996622337,1.0
1326080244172935168,0.0
1326153589505601539,0.0
1333745101588340741,1.0
1325829920854061056,2.0
1326054996954247168,0.0
1326057185151918085,0.0
1334553371173408769,0.0
1325798332225245184,0.0
1326195431857037312,2.0
1329951763785461762,1.0
1330803274874646528,2.0
1333245367584911360,1.0
1326158770951565312,0.0
1325810477872472064,0.0
1325852056587018240,0.0
1325813364187156482,0.0
1325848787454136320,2.0
1329719464351379456,0.0
1334611902601768962,1.0
1326204810413006848,1.0
1325954608678772742,0.0
1335728016304074756,1.0
1326056912790544384,2.0
1329248454120443908,0.0
1325771028056977410,2.0
1329059931081719808,1.0
1325861441916833794,2.0
1326963359728553984,1.0
1335964225831886849,1.0
1335202964735205378,1.0
1325795639150616576,2.0
1326221343986216960,0.0
1334455103613448192,1.0
1325796356817002497,2.0
1325805118562983938,0.0
1325879177845891074,2.0
1336225091034734592,1.0
1332314495633530881,1.0
1326239256621166593,1.0
1325771075528122369,2.0
1334138763530760192,1.0
1326204811394641922,0.0
1334258253698641927,2.0
1334022141939912704,1.0
1326062530012340224,1.0
1326041884511363072,0.0
1329071284244807682,1.0
1325891037706006531,2.0
1325887744627838977,0.0
1327256542731649029,1.0
1325865891796561920,0.0
1325781688635551744,0.0
1329060145322668034,2.0
1325770176541941761,1.0
1325817226725892097,0.0
1326254289275285504,0.0
1326071308686417920,1.0
1325812205519040517,1.0
1329049747953422337,0.0
1331263363926663171,1.0
1332403805951062018,0.0
1325976805241577472,2.0
1329795820430954499,0.0
1329095791378530306,0.0
1327398105277337601,1.0
1330023114084761600,2.0
1325673818858221570,1.0
1325918837762560004,1.0
1329213200743632898,1.0
1325828397843550210,0.0
1326245497519157254,0.0
1331102474149761024,1.0
1328401446170206210,1.0
1325770616184709121,2.0
1326004245955444736,0.0
1328929546083700736,0.0
1326251703264563200,0.0
1325874804445093896,2.0
1325780665405673472,0.0
1325706200701300737,2.0
1325886290055864323,2.0
1327042733500895232,1.0
1330515640004857867,0.0
1325767717983580162,1.0
1336473352639295491,1.0
1327946934389252097,1.0
1325861129231298561,2.0
1326211735724953600,0.0
1325810428287528966,2.0
1335285339439702016,1.0
1325815436194287618,0.0
1325770604901879809,1.0
1334230198569472000,1.0
1325816364754378752,0.0
1328371596390764547,1.0
1330930166533591043,1.0
1332854975718961154,0.0
1325708665760829440,1.0
1325794873455341571,2.0
1329032401381683202,0.0
1325879834556461064,0.0
1333971906043797504,1.0
1325819529138745344,0.0
1325751015396749314,1.0
1325761916548100097,0.0
1327913168652431360,1.0
1325861725120368640,2.0
1325850574588424196,2.0
1334173395311861760,1.0
1325790564663631874,0.0
1325864750408994817,2.0
1326228451255345156,0.0
1326224327705026567,0.0
1325789803003084801,1.0
1325770473142054914,2.0
1331640548902449152,1.0
1326104332052406273,1.0
1325959984677597184,0.0
1336147126066307072,2.0
1325806523352801280,2.0
1325771002282975237,2.0
1326129841742241792,0.0
1325814546284605441,0.0
1325834632508608512,2.0
1327543827528224768,1.0
1325672387589906432,1.0
1325665895377752064,2.0
1325823812366163969,2.0
1325991853599100928,0.0
1325776296887070720,0.0
1325680035831836673,2.0
1334449773634613250,1.0
1325881067119800321,0.0
1325770187170328576,1.0
1329014742019674113,0.0
1325869478274600960,0.0
1325813816911925250,0.0
1333131706329686020,1.0
1329318441539387392,1.0
1326153238689820693,2.0
1325809059434549248,1.0
1329213124969435145,2.0
1326198763082412049,0.0
1325780865214013440,0.0
1325825782304927751,2.0
1331084752942600197,0.0
1325669891681054722,1.0
1333938257189433344,2.0
1325698106596356096,1.0
1326117531132846081,0.0
1329206251922845699,2.0
1326182116208517120,1.0
1326001099535392768,0.0
1326227022595706881,2.0
1325770272385982464,2.0
1325863492755333122,2.0
1326059783154139138,2.0
1326233426643464192,2.0
1326227652940861440,1.0
1326146926081945601,0.0
1326032523001016321,0.0
1325788166742282242,2.0
1326156168453042178,1.0
1325841504238264320,2.0
1325986177132818432,0.0
1325869780415492096,0.0
1325773027049676801,0.0
1330288812744974337,1.0
1327296592886501377,1.0
1335233753975812096,2.0
1325774535422046214,0.0
1334535828283027458,1.0
1325820036414631938,0.0
1331286523417858048,2.0
1334847838434549760,2.0
1325828741415710721,0.0
1325992489090756608,0.0
1326008566277304320,0.0
1325689275707514880,1.0
1325813899313213444,0.0
1330303459346747394,2.0
1326248386811531265,0.0
1326465515544580098,1.0
1326203000868757507,0.0
1336257066642632705,2.0
1325897550377922565,2.0
1325820836595568641,2.0
1325712082671702016,0.0
1329030916648341506,0.0
1334193358692962304,1.0
1325935125545279488,0.0
1325865279549796354,2.0
1334126835798511618,2.0
1331118988605091840,1.0
1325862789638971392,0.0
1326090576777842688,0.0
1329055495022317570,2.0
1329081322204119040,0.0
1325891485863079937,2.0
1325869145435504641,2.0
1325672209617219590,1.0
1326251881467875329,1.0
1326213386527510528,0.0
1326150511989579776,1.0
1325676457775886336,1.0
1325920427949117440,2.0
1325770883986718720,2.0
1329054437592231939,0.0
1325857500038508544,0.0
1329050409420419072,0.0
1325822475171717120,0.0
1325701164654944256,1.0
1325699228174147585,2.0
1326083829950541825,0.0
1329050634230894593,0.0
1334506938055467009,0.0
1325860989716361217,0.0
1326240630641668096,2.0
1325797294210478085,0.0
1334198028362608642,1.0
1334544688980905988,1.0
1326001997150003200,0.0
1327410026982477824,2.0
1329894232639889413,1.0
1326148889720786946,1.0
1333077776119820289,1.0
1325833676022816770,0.0
1335301785108455426,1.0
1333719000593952768,1.0
1326129861170257922,1.0
1326928474267906048,2.0
1325687564246773761,0.0
1331012846554124289,1.0
1325881460352544769,0.0
1325823941433290753,0.0
1326194971028807681,2.0
1326106738710503426,2.0
1325846329835327489,0.0
1325810619472338946,0.0
1325789816009715713,1.0
1325916281858617344,0.0
1326136312349536258,1.0
1335981619337961479,1.0
1325778258634412038,0.0
1326109619119394817,2.0
1325675432881102849,2.0
1325999261335474176,0.0
1326677601109241857,1.0
1330434998030262274,0.0
1325785896671719424,2.0
1334886580738265089,1.0
1332508258876190722,1.0
1334750083619950592,0.0
1335489340990951424,1.0
1325825671260725249,2.0
1328334645168013313,1.0
1334236062680485890,2.0
1326099300145909761,0.0
1326055618881445889,2.0
1326062371530440704,1.0
1326090765072785408,0.0
1325886870555938817,2.0
1329055505214541824,1.0
1325796657892634629,0.0
1325770757918478338,2.0
1326911398333517824,1.0
1326150479663992834,2.0
1325919597795700736,2.0
1325985990872338438,0.0
1328820467709435907,1.0
1325906450879811585,0.0
1325966094922731520,2.0
1325788432623349761,2.0
1326124393517510656,2.0
1330802275690934272,1.0
1325861654219907072,0.0
1334294559505965056,1.0
1329081524239564809,1.0
1335825786096418816,1.0
1326197185642450946,0.0
1329131948913143808,1.0
1336261206064115715,1.0
1325779274201182208,0.0
1325894168951070721,0.0
1335944073086193665,1.0
1325786886644912128,1.0
1332819135106002944,1.0
1325860296863457281,0.0
1329682974128869376,1.0
1325855347047849985,0.0
1334190362865270785,1.0
1335444913576697857,1.0
1326156852737040384,1.0
1331967970202034176,0.0
1327175231295852544,2.0
1325770208699699206,1.0
1326168614936797184,2.0
1335567394702585857,2.0
1336025251856183298,1.0
1328692312826925056,1.0
1325911305631494145,2.0
1336019817074081793,1.0
1325862650119671808,0.0
1326088018147467266,2.0
1325868177297977345,0.0
1325911151008428033,2.0
1334520339808784384,1.0
1326233029761753091,2.0
1329071267299741698,0.0
1327375597312507904,1.0
1325931907532673024,2.0
1325840675867275264,0.0
1325801284079808512,1.0
1333383971938443265,1.0
1325961254100488192,2.0
1326167985493598209,0.0
1326010201141489664,2.0
1325876696134848512,2.0
1328806532394352640,2.0
1336222453954039808,1.0
1335198427903352832,0.0
1325834929935159298,2.0
1325780825930162176,2.0
1325879263241760768,0.0
1334830965298851840,2.0
1330625902959603713,1.0
1334046701301149696,2.0
1325825336601358339,2.0
1325966892872294400,0.0
1325900890801401856,2.0
1326240584433020935,2.0
1325770267877105669,1.0
1329073104023396352,2.0
1331965934815354881,1.0
1325812607601799168,0.0
1325900151597137920,2.0
1325693690891837441,2.0
1329043147461193728,0.0
1325801043838586882,2.0
1325877936407388163,2.0
1325703459790852097,1.0
1330826048607580161,1.0
1325873735522545666,1.0
1327275537191014400,1.0
1331853101695954945,1.0
1325770406922481669,1.0
1335398436485513216,1.0
1325770891591081989,2.0
1325867344795557888,2.0
1329914422530338825,1.0
1325847494899675139,2.0
1327634310485172229,1.0
1325703331659079680,0.0
1333322329271660544,1.0
1325862743589744640,2.0
1325820809240215552,2.0
1326206674022014976,0.0
1326256462281273345,0.0
1325694403017539587,2.0
1330792339913256960,2.0
1335724266831175682,2.0
1326085866608095232,0.0
1326977748057800704,0.0
1325893563729764354,2.0
1325879357701840900,2.0
1325770938877612033,2.0
1325900355734040577,2.0
1325822872837885953,0.0
1334467192994353153,2.0
1326129964765368320,1.0
1325836140394532866,2.0
1325893608948510726,2.0
1326228092025761798,1.0
1325893587935113221,0.0
1325703964218814464,1.0
1329060163660247041,1.0
1329055567210483713,0.0
1328423845162790914,1.0
1325961243216076805,2.0
1336305486531063809,1.0
1325725024947490821,0.0
1325676064572465154,0.0
1327368427636396032,2.0
1326682131884544000,0.0
1325786277011185664,0.0
1325870342213046273,0.0
1328404012916469762,2.0
1325861366155124736,2.0
1326148890496815104,2.0
1329164071455789057,2.0
1325836908161888259,0.0
1326625669531504641,2.0
1326202696995643392,2.0
1325911036575145985,0.0
1326202721016418311,2.0
1325860864830951424,0.0
1329069796348940298,1.0
1325816974874730499,1.0
1325770717368111105,2.0
1326148868828966916,1.0
1325981782747967489,1.0
1331976966770188290,1.0
1329033667730149381,2.0
1329877176619986944,1.0
1327298118904406021,2.0
1325869380958351360,2.0
1326206232890241025,1.0
1326054220156579840,2.0
1325866988158263302,0.0
1328055678225805313,2.0
1326128358426599425,0.0
1326144026979020800,0.0
1326202806253068289,1.0
1325784996167249926,2.0
1325859553439862785,0.0
1326004267749056512,0.0
1326158107039436802,0.0
1326038674203684869,0.0
1325701838251945984,2.0
1329050417427202053,2.0
1325945417910120448,0.0
1336482466182250500,1.0
1329546694812372994,2.0
1326209140939776002,2.0
1326163289966043136,0.0
1334564284861321219,2.0
1325799870456868867,0.0
1326872630272675840,1.0
1332436444187680772,2.0
1328339628789678081,2.0
1325770504201003008,2.0
1335872430108254213,0.0
1325819532548694017,0.0
1330951079329140741,0.0
1325675959928811520,1.0
1333857288893952002,0.0
1329060204101595137,1.0
1325973860781584384,1.0
1325846798355869697,0.0
1325770383623147521,2.0
1325770286705369089,2.0
1326240843246809090,0.0
1325773753532485633,2.0
1326008897048612864,1.0
1334187143258918913,1.0
1325862674299715584,1.0
1335029036834283521,0.0
1330044981621497857,1.0
1326081773344796672,0.0
1326053266187317248,1.0
1325890944168849411,2.0
1325900245969104896,0.0
1327111768343269377,1.0
1326119884498079744,2.0
1325887719365509120,0.0
1325767708386816000,2.0
1326261919200796674,2.0
1325841130341109760,2.0
1325777925539557376,2.0
1325918451270115336,2.0
1326164810715770882,2.0
1329142377664180226,0.0
1334763085844729858,0.0
1335771953571905538,1.0
1325867067589922818,1.0
1325884583943032834,2.0
1325691714527502337,2.0
1332695900943249410,1.0
1327809582366941188,1.0
1325667569261568000,0.0
1325795405234380800,0.0
1325828860622073856,2.0
1326056971343175683,2.0
1325867151488552960,2.0
1336054626240454657,1.0
1325890836236656640,2.0
1326043717103456256,0.0
1325795728837517314,1.0
1329785004092653569,1.0
1325810390127816705,0.0
1325789808275361794,2.0
1325770690528768000,2.0
1328505470966001671,0.0
1325869956240715776,2.0
1325869413577355264,1.0
1325807244513046528,0.0
1325863988803084291,0.0
1335418967666601986,1.0
1326214255746617344,0.0
1325771103793520640,2.0
1336230847712813056,1.0
1325794285044834304,0.0
1325796024460345346,2.0
1329052966117023744,2.0
1325789815175065603,0.0
1329113851850153987,1.0
1325855171084054528,0.0
1325778348841312262,2.0
1335452263565815811,1.0
1325828109220769793,0.0
1325902552316203008,0.0
1332064226001694723,1.0
1325995424604426241,0.0
1326050754180812801,1.0
1326427173079674880,1.0
1325710724526641153,1.0
1327345161186250752,1.0
1326208304264040450,0.0
1325770145617293318,1.0
1326093160334962689,0.0
1325895480124043265,2.0
1329054595130257408,0.0
1325732824373211138,0.0
1325844953214431234,2.0
1325864565431660546,2.0
1325938201907900418,0.0
1326127227730268161,1.0
1328315518495887361,1.0
1331283304989880325,1.0
1325866974094749696,2.0
1325869674748211200,0.0
1329051883659522051,2.0
1325834202529599488,1.0
1325806549357400067,1.0
1326240800271896584,0.0
1327048566980845568,1.0
1326233074896670723,1.0
1328379735810990085,2.0
1326507186839822336,1.0
1325821792888496128,1.0
1325804701561008135,0.0
1335246104338849793,0.0
1334936758727806977,2.0
1329509082626220033,1.0
1326170613224968192,0.0
1332343800686108673,1.0
1325709843735351296,0.0
1325917329167839232,2.0
1325771532161912834,0.0
1326236929910665216,1.0
1326124592822431744,0.0
1325891584198537216,2.0
1325831363203919872,0.0
1325960347035947009,2.0
1325869165140381697,0.0
1325770376090152962,1.0
1325770241410916352,1.0
1331349528771919873,0.0
1335596204005203973,1.0
1325869422012207104,2.0
1325795285138870272,2.0
1328875897756200962,1.0
1328782391901630464,2.0
1328837745788194821,2.0
1325770889443553280,2.0
1331295375559417859,1.0
1325862649809285126,0.0
1325852223750934530,2.0
1326176357278048258,2.0
1326074267004526592,1.0
1332360036211974144,1.0
1326094040580894720,2.0
1325828371931160576,2.0
1325940431008522241,0.0
1328499953300226048,0.0
1333912611935621120,1.0
1325980184084951041,0.0
1325807006268190721,0.0
1325796080508952576,2.0
1335635944414703616,1.0
1326143242799288326,0.0
1326103840211558401,2.0
1333888254077251587,1.0
1326675350416314369,1.0
1332948116614516741,0.0
1326210450393067521,0.0
1325916883690934272,2.0
1331202640722718720,1.0
1327691854687711236,1.0
1326079529044021249,2.0
1326161351711002624,0.0
1326112263229632512,0.0
1331892955930628101,2.0
1326191047999811588,1.0
1325794890190483457,2.0
1326136145499942912,1.0
1336314087236485122,1.0
1330930175962271744,1.0
1325820808489553923,0.0
1327332953593098240,1.0
1325889443186712576,2.0
1329030294834458632,2.0
1325804902984126464,0.0
1325929965444100098,0.0
1325854586695921664,0.0
1325849821941526528,0.0
1325933192772194304,1.0
1326073972023291904,0.0
1325678359687262210,2.0
1325824091635539972,0.0
1335327000089645057,2.0
1325792196386312193,2.0
1326208575069278208,0.0
1326053163133267968,1.0
1325782076810014720,2.0
1325980862018580480,0.0
1330239640226459653,1.0
1325844091222036480,2.0
1335436290351837185,1.0
1325771016476499969,2.0
1326119841980407809,2.0
1325820828504748033,0.0
1334630045810380800,1.0
1326208871338303488,0.0
1325837801385029632,0.0
1332024353949511685,0.0
1329063401339953154,2.0
1325821761003327488,0.0
1326243504570441728,2.0
1331583214075457536,2.0
1325861169446400001,2.0
1325770884553068545,2.0
1325770166337200130,2.0
1326750579591241728,1.0
1325775422295044096,0.0
1334845014254505999,1.0
1326174246905786368,1.0
1326227335813627904,2.0
1325899534019538944,0.0
1329024767610019846,0.0
1325700585220419584,1.0
1325779443554586624,0.0
1325983135310417921,0.0
1325716218406457344,0.0
1326207221907087360,0.0
1325760390790180864,0.0
1325954553808789505,0.0
1325719501992816640,0.0
1326074230975459329,0.0
1336251864195665921,2.0
1325783864929787904,2.0
1326163306608988166,1.0
1329292112253227009,1.0
1325823784360714240,0.0
1329142423440617472,1.0
1330933838470651909,1.0
1330622233069449217,1.0
1329634321058193408,1.0
1325887326497615872,0.0
1336236177347784706,0.0
1328330829118967809,0.0
1329095698692919304,2.0
1328761189493575681,2.0
1325695965593022465,2.0
1327374026428309504,0.0
1329067000849698818,2.0
1326140804155518976,0.0
1325831214603902980,0.0
1326188805645332482,0.0
1329117674098528256,2.0
1325817268249513984,1.0
1329333414516973569,2.0
1326140446666584064,0.0
1325786856273797127,1.0
1326164929192341507,2.0
1325833041084903429,0.0
1332363013400170497,1.0
1325805526681350144,2.0
1326053134486003712,0.0
1325799374228762624,1.0
1325770453965791232,2.0
1325805266378633216,2.0
1325915158946799617,1.0
1325888659799805952,0.0
1331326730079006722,1.0
1329599991636250624,1.0
1325867013932244992,2.0
1330784373424197637,2.0
1334237628791541760,2.0
1325940255049064448,0.0
1334066204655415297,1.0
1326254296686596097,0.0
1325805567764525057,2.0
1325710865337888768,1.0
1326161603205664768,0.0
1328359732617375748,1.0
1326073101692645378,2.0
1331750757322801152,2.0
1335221691778215937,2.0
1334562424469549056,1.0
1326205765430939649,0.0
1330276381780025346,2.0
1326232574339977216,0.0
1325881068638101514,0.0
1333401026532143104,2.0
1325895157670088712,0.0
1330934061955739651,0.0
1329061699375214592,2.0
1329083228028747777,1.0
1335921093337640966,1.0
1325789850990080000,1.0
1325898745540710400,0.0
1329375966876082176,0.0
1325980911914151938,2.0
1334033487351996416,1.0
1330902684224798720,1.0
1325783212019355651,2.0
1326007645321375744,0.0
1325703913828278274,1.0
1325709699451400192,1.0
1325834651953459202,0.0
1331175807977451521,1.0
1326162460991086593,2.0
1330155620541083650,2.0
1326187190632779777,2.0
1325809877147672577,0.0
1329082007209426949,1.0
1335636546297348096,1.0
1325852518274961410,0.0
1325887248768753664,2.0
1329751648189652992,1.0
1329024824509935616,1.0
1326121171700617218,2.0
1325864785540419587,1.0
1325672733603098624,2.0
1333476673623244805,2.0
1334234466336854019,1.0
1329488512438046720,1.0
1326087629507612672,0.0
1326239471721852928,1.0
1330217533769715716,2.0
1328706671519150081,0.0
1325940563548450816,0.0
1329056280527384577,2.0
1325771497563156482,2.0
1327022013416943617,1.0
1325667049469861889,1.0
1325823504130961410,0.0
1326104334296379393,1.0
1327695798566596610,2.0
1325866889193664512,0.0
1330781812558356482,1.0
1325785301487394816,0.0
1331502152162840576,1.0
1325873072403083265,0.0
1325770194740891649,1.0
1326062267880804352,2.0
1325869228063256576,0.0
1329207589314281473,1.0
1325772556306145280,2.0
1331603760397873154,2.0
1326748200590430209,1.0
1326150061064155137,0.0
1325902698626109441,0.0
1325843558872604672,1.0
1325832122045751299,0.0
1326139962681602048,1.0
1332023533489303558,2.0
1325770704072151040,2.0
1329443519136747526,2.0
1326051443967746050,0.0
1325772501704724480,2.0
1326004514701385728,0.0
1325861789410713605,1.0
1326157678402564098,0.0
1326163281422274562,2.0
1326238233429221377,2.0
1329095742183542784,0.0
1325681507936165888,2.0
1329132047751790592,1.0
1326207638510526464,1.0
1333444940076969998,1.0
1326154263274291200,2.0
1328814394822705152,1.0
1328054281044451329,0.0
1326206679348781056,1.0
1325921042410377216,1.0
1327534333096325120,2.0
1330325136667533314,1.0
1329098236045516805,2.0
1329373957129170944,2.0
1326080937222955009,2.0
1325814672189247490,0.0
1325682016390705153,0.0
1325787809744117762,2.0
1327362397724696576,1.0
1326052309441384448,0.0
1326227705709387777,2.0
1325770411775299584,2.0
1325805525913759746,1.0
1326079896402202625,2.0
1325931529470664704,0.0
1325690492449943552,1.0
1325812212422864898,1.0
1325874503688179713,2.0
1329681143822684160,1.0
1332644513836371969,1.0
1334084773678080000,1.0
1326080246253293569,1.0
1325839995815391233,0.0
1325868950345768960,2.0
1335860706449776641,1.0
1325709498955128833,2.0
1325822869985619968,2.0
1325925367991984128,2.0
1334747127075975169,2.0
1336422222836207619,1.0
1331469518842040320,1.0
1328962781526302726,2.0
1328567725011083264,2.0
1326152249962360837,0.0
1325770396424081410,0.0
1325716182419312641,1.0
1329213110012571651,0.0
1336139953256980487,1.0
1325770692567117824,1.0
1326003437226635266,0.0
1325788483089281033,2.0
1328721195974463488,1.0
1325867624664887301,2.0
1333633838711451648,2.0
1334650068675256323,2.0
1329059922554671105,1.0
1325772165246050304,0.0
1325772527197675520,1.0
1326143384860307457,0.0
1329095711691075585,1.0
1326107978349613059,2.0
1325814737083445250,2.0
1329071278419009539,2.0
1325824509736325120,2.0
1328528040587038720,0.0
1326082374166323200,0.0
1335040955490193408,1.0
1326537346989187075,1.0
1326095496872685568,0.0
1334504877880446977,2.0
1326084297544126464,2.0
1326150513377861633,2.0
1325989373154717696,0.0
1326627051294650368,1.0
1325688832872775680,1.0
1325770142236745730,1.0
1326000404744835072,0.0
1326211478307762177,1.0
1333435506617581576,1.0
1326843945989632000,1.0
1333467523140833287,1.0
1326095775370268672,0.0
1326090508939243523,1.0
1333804676874203136,1.0
1326164609435308033,2.0
1333945927636316161,1.0
1334950454430756874,1.0
1325779378425442304,2.0
1325898841523163142,0.0
1327376975166631937,2.0
1325770144564572161,0.0
1328313937130119169,0.0
1325869307897606144,0.0
1329381137882419201,1.0
1325943553009324032,2.0
1325885944608649216,2.0
1325887151800786946,1.0
1325886052158984192,2.0
1325922122477281281,2.0
1325893563247374337,1.0
1335450219534663680,2.0
1329097884164349952,0.0
1326240607103311874,1.0
1330694865043161089,1.0
1333409218561519618,0.0
1325770327499005952,1.0
1325664642555813888,1.0
1325929860942983168,1.0
1325889132392968192,2.0
1329059916468916227,1.0
1325864772492013568,0.0
1326054098001682433,2.0
1335748053144199169,2.0
1326162459137351681,2.0
1325808075945639941,2.0
1334827625282473985,0.0
1325913575731339264,0.0
1325770784095301632,1.0
1326123694805147649,2.0
1328369248184524802,2.0
1326165876119396353,2.0
1326238834632388609,0.0
1326244732155072513,1.0
1325879918434148354,2.0
1326130958203052033,1.0
1329142349696561154,2.0
1325786933864374272,0.0
1326174223212154880,2.0
1328365124323844098,1.0
1325804101255499777,2.0
1325791683032866824,2.0
1334050132862627840,0.0
1325690306457554945,1.0
1325869412713451521,2.0
1329072254655684667,1.0
1326169283727155201,0.0
1329213267177218048,1.0
1325805100909015041,0.0
1325906507997831170,1.0
1326080221422956545,0.0
1326124468679237632,2.0
1325855541369991170,0.0
1326132524918034434,1.0
1325837617326329856,0.0
1325903830815531009,2.0
1334683010327830534,2.0
1325822451268407301,0.0
1325776681265672192,2.0
1325696784178446336,1.0
1325770392158441472,1.0
1325921890289012736,2.0
1325906970398896128,0.0
1325932509809451009,0.0
1326121752041312258,0.0
1326115589656555521,0.0
1326079905323503621,0.0
1335504682924584960,1.0
1325862765433671681,2.0
1325770633456783366,2.0
1325811152899747842,2.0
1326136835916095493,0.0
1325878956478828550,2.0
1325712401598177288,0.0
1326215192624177153,2.0
1326147599569616898,1.0
1330926589693968385,2.0
1325837497197350912,0.0
1332447959410110464,0.0
1326192498834771971,2.0
1325773299482206209,0.0
1325667047435546624,2.0
1329239815355817984,0.0
1326080979031699456,0.0
1326961599811211264,1.0
1326129424610308096,0.0
1329024861906235393,1.0
1325822308351680513,0.0
1326045530615656449,2.0
1325806370491346944,0.0
1329280558564737024,0.0
1334994403216265216,1.0
1325771081895071747,2.0
1332199975682535424,1.0
1326010367839973377,0.0
1329059948618256384,0.0
1325863056757448704,2.0
1325979565542367233,2.0
1325690014857121793,2.0
1325709118150070272,0.0
1325892506152808451,0.0
1334615222754086919,1.0
1326107054549962752,2.0
1325812270874685444,2.0
1325864560985694208,2.0
1329206266158329863,2.0
1325823049799786496,0.0
1325711765867552773,0.0
1325784047084253187,2.0
1333949799167647744,2.0
1325729505504342021,1.0
1334687725547556865,2.0
1326901574657077248,1.0
1325879952085028868,2.0
1326233957936095232,1.0
1326076053182418945,0.0
1325692950479851520,2.0
1325788445227282433,2.0
1329245398565859332,1.0
1325677301703577602,1.0
1325711195949703168,0.0
1336379872881553409,1.0
1329092089594855427,0.0
1325985445524643841,0.0
1329310408025444352,1.0
1325809270428897282,1.0
1325712185604050945,1.0
1335864200653131777,1.0
1334316710539694081,1.0
1332298126225502208,1.0
1326116944466964480,2.0
1335085676526702592,1.0
1326124954505580544,2.0
1329427969379622912,1.0
1325867597221359616,2.0
1328316850493591553,2.0
1336054494451404809,2.0
1325862394334228484,0.0
1334561609772007425,1.0
1326056955899768832,2.0
1326074227137589248,0.0
1328057210073735168,1.0
1325801424425455621,1.0
1325911053620944898,1.0
1326196102023024640,2.0
1325966122223509511,0.0
1325777912247803904,2.0
1325938781812367360,2.0
1325776669836185600,0.0
1326121051139534848,2.0
1325716028387520513,1.0
1334920501727260673,1.0
1325816633500295172,0.0
1325671962799083520,1.0
1325816095262040064,2.0
1325714426151002113,2.0
1326204259155763203,0.0
1325777526367588353,0.0
1325771093085392897,1.0
1326080858252603393,0.0
1326115538355986433,2.0
1326211510557958144,1.0
1325834590691471362,1.0
1326007681258315776,1.0
1334072915835432965,1.0
1326079484622237696,2.0
1325798565034266625,0.0
1325770554356371458,2.0
1325986041929625600,0.0
1329081378072190993,0.0
1329762662557896704,1.0
1326180169481150464,0.0
1327326910997729281,1.0
1325864780008202242,1.0
1326224356293414914,0.0
1325770344146333701,1.0
1328110210926354432,1.0
1325682355873312768,1.0
1325870196884566016,0.0
1334848935849037824,1.0
1329043905313198082,0.0
1336149186236956672,1.0
1325904563455614978,0.0
1325908576548790272,2.0
1326125792993173511,0.0
1326115837070077953,0.0
1334521159119990788,0.0
1325915140047376385,0.0
1326124495384539137,0.0
1325791788980953090,2.0
1325771103537664000,2.0
1329052576994627584,1.0
1336235583782481920,1.0
1325770376169857024,1.0
1329062095116247041,0.0
1326080926942715904,0.0
1334036709265321985,1.0
1325770582399574016,1.0
1325792153688285184,2.0
1329127080060129281,2.0
1325955580595417089,0.0
1325862960862990337,2.0
1325878299936120838,2.0
1325987309213323264,0.0
1326228710081458176,1.0
1325770467978981377,0.0
1325861854397263872,2.0
1333866916147060745,0.0
1330863911915180032,1.0
1331442125943160833,1.0
1325993524639240192,1.0
1325862755061149697,0.0
1325823033693659144,2.0
1333943631372189696,1.0
1325830327382716418,0.0
1326160280217399297,0.0
1333738179007029248,1.0
1328333067048652801,1.0
1325667043266453504,2.0
1325770869600346112,2.0
1334280296003342338,1.0
1325682307265683457,2.0
1325783094482378753,2.0
1325796943319212037,0.0
1333465904437399554,1.0
1325808083843637251,1.0
1331706709568614403,0.0
1334122811011567620,2.0
1325685778056245253,1.0
1333876244350263298,1.0
1326148908494491649,0.0
1325792301738815489,0.0
1325766524183830528,0.0
1325882612628541441,0.0
1325691741442338821,2.0
1326121666821369857,0.0
1334088557498130432,1.0
1331470144623800320,1.0
1329242884059635712,2.0
1325688221569703936,0.0
1330324599230361603,1.0
1325872617044250625,2.0
1329095544006995974,0.0
1325862272384851968,0.0
1325857378416386050,1.0
1326013436321521669,0.0
1326228030960840705,0.0
1326219276290723845,0.0
1333990440513773568,0.0
1329092109727621120,1.0
1326233476107014146,2.0
1325961217345802241,2.0
1327030820037681152,1.0
1329071228380917760,1.0
1336321853837561857,2.0
1326172403811176448,0.0
1325781684621631488,2.0
1327332997222297600,1.0
1325830073098887169,0.0
1326074238202155008,0.0
1325772570445049856,0.0
1325802583324307460,2.0
1333943502904897537,2.0
1325776360535699456,2.0
1326093526682185730,0.0
1326127230490193920,0.0
1327370697585397762,0.0
1325673015833735170,1.0
1329081403435192325,1.0
1325676441464311808,0.0
1325690724436779008,1.0
1329083274308718598,2.0
1325872138205720576,0.0
1325786246573125635,2.0
1326242986682945536,0.0
1325676157669412867,1.0
1326202699734544384,2.0
1325770893172252674,2.0
1333442672871284742,1.0
1325879122292256771,0.0
1325914620654194688,0.0
1334097982912913408,1.0
1325952345021181952,0.0
1326135454530482176,2.0
1332956846890622976,1.0
1325841858027790337,0.0
1332446326852870150,1.0
1331155378143338498,1.0
1325813234650275844,2.0
1325770262520979459,2.0
1325865283261771776,0.0
1325770263087243265,2.0
1333996972894777346,1.0
1329104513303683073,2.0
1325816924232617984,1.0
1326072359405711363,0.0
1325706588653379584,0.0
1325922110397673478,0.0
1325771075486179335,2.0
1326135382426202113,2.0
1325776174493159426,2.0
1325986824636960768,1.0
1325867718851981313,2.0
1325832839288459264,0.0
1329081440940617736,1.0
1325798415591206913,2.0
1329084854244261893,2.0
1325844085287112705,2.0
1325701312919400449,0.0
1325836295084630026,0.0
1329108324533473281,0.0
1326231875229282306,1.0
1335264374206963712,1.0
1325696659523657728,1.0
1325865339205382145,2.0
1325872226558648320,0.0
1325770769671069696,2.0
1325900979632541697,1.0
1325892539090690049,1.0
1325826796793769986,0.0
1332749614529777664,2.0
1325770174792953856,1.0
1329048361689886727,0.0
1329066249561640961,2.0
1325770128068407301,2.0
1325867014385258501,0.0
1329024998976196613,1.0
1336329172050800640,1.0
1325786874653384707,2.0
1325799008409882626,0.0
1335664313269432423,1.0
1326233569556107266,2.0
1334347572601819136,2.0
1329228160647524353,0.0
1325854124060053507,2.0
1335902265073229824,1.0
1328819816736677891,1.0
1325780828136169479,0.0
1325801506382237697,2.0
1325665252437004288,2.0
1325676288598798338,2.0
1336408201651220486,2.0
1329069798370717697,2.0
1326076079069663234,0.0
1325979926428708866,0.0
1325882362962432000,1.0
1325866221426921478,0.0
1325669201638404097,1.0
1326117968418398208,2.0
1325862793749405697,2.0
1325863358751412226,2.0
1326140298808922120,0.0
1325792325788815362,2.0
1325857100971577344,0.0
1326188067741446146,2.0
1326151500649869312,2.0
1325802792230023170,2.0
1325835015041683471,2.0
1325913285309435905,2.0
1335626016870473730,1.0
1334628366469611525,2.0
1326154542577307648,0.0
1325857063386353664,0.0
1325866679318925312,1.0
1333576316478746624,1.0
1329131912569393152,0.0
1325805507916013569,0.0
1325948482088128512,0.0
1335736680100360201,1.0
1325887101964054529,2.0
1329844774535372804,1.0
1334957965498048513,2.0
1329207512399290376,1.0
1325916015709085697,0.0
1335961760608649216,1.0
1325865283291115520,1.0
1332428988245917696,1.0
1325770588451958786,2.0
1325786189815754753,0.0
1326127258726244352,2.0
1326179975804854273,2.0
1329059955496923139,1.0
1325770655573401600,2.0
1333803239549116416,1.0
1325813350958297088,0.0
1325716324685897730,1.0
1329064246563524609,2.0
1325780833777709057,0.0
1325800365351178240,2.0
1325770787073257472,2.0
1326233114931302402,1.0
1325784044580253697,0.0
1330557233709649920,1.0
1333873376557998080,0.0
1328723184040833027,1.0
1330056042831601664,0.0
1326881998078611456,0.0
1332818175239458816,2.0
1325986822451847171,0.0
1336035328902225930,1.0
1325861399093006338,1.0
1325833928045785088,2.0
1325692891700858881,1.0
1325904179701821441,2.0
1325770796560773121,2.0
1329083251906932747,0.0
1327131472961171463,0.0
1325703330992152576,1.0
1326098218590089217,2.0
1326238235685777416,0.0
1334912533820559360,2.0
1331314144574926856,2.0
1326095571984244738,2.0
1325888156059619329,2.0
1325715283152080896,1.0
1326248114651623426,0.0
1333806324891717634,1.0
1326156108386488322,1.0
1328855449240809473,1.0
1328594181925851136,1.0
1326121729517883394,0.0
1329071237402746881,0.0
1325770618067951616,1.0
1328461423635206145,2.0
1325903591077531650,2.0
1327316197038231553,1.0
1325672043354886144,0.0
1326905485161861121,1.0
1325998022140985345,2.0
1328976997633015812,2.0
1325803737730969601,2.0
1325822868555329537,0.0
1325865222062682113,2.0
1329213145353744385,1.0
1325675373741355009,0.0
1329052565514883073,0.0
1325886046807134208,1.0
1325827764503666690,0.0
1325847820226736128,0.0
1325895634155696129,1.0
1326003989763088386,2.0
1325770315889315840,2.0
1325896206019596288,0.0
1325693526307377153,1.0
1326134023161262082,0.0
1329131967292579842,1.0
1325911071526428681,1.0
1325700514756124673,1.0
1328858473111691264,2.0
1326091817004240896,1.0
1329054480596393985,0.0
1326200603001950208,2.0
1326124375658074114,2.0
1325909292466073600,0.0
1328876085711396866,1.0
1326074527823106048,0.0
1335646579626131456,1.0
1328273047070060544,1.0
1325865055074865159,2.0
1326132674881347585,1.0
1328378949362212864,1.0
1326244717244379137,2.0
1329081971293577219,0.0
1329055336637100033,2.0
1336421186683723776,1.0
1334876487636357120,1.0
1325989350853799936,1.0
1334158812153057280,2.0
1325696542834110465,1.0
1326040550957588480,0.0
1326221117896478720,0.0
1329213214358343680,1.0
1325797526998577152,2.0
1325974482247356418,0.0
1334505901991075841,2.0
1329427818917359616,1.0
1325770246213537792,1.0
1325790661543665665,2.0
1325998683977080835,0.0
1325991274697068545,2.0
1326175637573341186,1.0
1325690102677467138,1.0
1330888847979278337,1.0
1326195600640139264,0.0
1336460542127579136,1.0
1326047207997370368,1.0
1331677845559668737,1.0
1325883552391704577,0.0
1328712474120630274,2.0
1325967724472803328,0.0
1325871995209322498,0.0
1325778796956487685,1.0
1325830486518882304,2.0
1326175489262821377,0.0
1325803875920564224,2.0
1325793694478446593,2.0
1329083269594324995,2.0
1325913616625913859,0.0
1336319062717190144,1.0
1325695933590466560,1.0
1325690812982812672,2.0
1334374096482816006,0.0
1325822275547930624,0.0
1325673710129385472,1.0
1325814427178950658,2.0
1325666178698600448,1.0
1325809083698458624,1.0
1327412320662908928,1.0
1325682504750129153,2.0
1325865968510373888,0.0
1325774733498085378,2.0
1325716859656822785,0.0
1329048964142796800,1.0
1333430424492781574,1.0
1325997150296281094,2.0
1331991203122999302,1.0
1329095642342248451,2.0
1325678445628710913,1.0
1325790420144594948,0.0
1329201444977831937,0.0
1325840336967639041,2.0
1325676428193538049,1.0
1325817085490987013,0.0
1325714592715206657,1.0
1327382815508369408,0.0
1325888762107326465,2.0
1325823713263058946,2.0
1326174160444411906,0.0
1325880680966971393,2.0
1326207385103314944,0.0
1332398987895328771,1.0
1325879404229238785,0.0
1325844792517996545,0.0
1325929243574853634,2.0
1326163271733293056,0.0
1334683877365985282,1.0
1325879850075303936,2.0
1325818745705668611,0.0
1325880754744725507,0.0
1332710655795707904,2.0
1333401201459798018,1.0
1326081515906805761,2.0
1325806518982373376,1.0
1331763750060384257,2.0
1325708995445841921,0.0
1326227238447009793,2.0
1325772519643766784,2.0
1325829110581616641,0.0
1334557714823917570,2.0
1326211473132179463,1.0
1329874681839673346,1.0
1325805577155436544,0.0
1329142376258961408,1.0
1326243314295697408,0.0
1328405726918799360,1.0
1325709413961920512,0.0
1325790409847574528,0.0
1325876654611202048,2.0
1325865330426646528,1.0
1325995469223329792,2.0
1333509474447921153,1.0
1327368106398912512,1.0
1325944326610935809,0.0
1326185657547567104,0.0
1325677628871696385,1.0
1326060602758926337,0.0
1327378919838916610,1.0
1325845773708189696,1.0
1333157226232602624,1.0
1325858687752278018,2.0
1327275594195689472,1.0
1330838813954945024,1.0
1328765378462240769,2.0
1334064383316664324,1.0
1325770126952722433,1.0
1326798044466208768,1.0
1325772498084958212,2.0
1326047204285571073,1.0
1326253882541023235,2.0
1325799627837169664,0.0
1326085939983122432,1.0
1325815057222148096,0.0
1325867012942389248,1.0
1325916427358965760,1.0
1325788548700626945,0.0
1326149444316835841,2.0
1325864788438773761,0.0
1325683612293996544,1.0
1325882588389646336,2.0
1326215352330563584,0.0
1325770155960528896,2.0
1325874785482645510,2.0
1334187389485543430,1.0
1326054102095319040,0.0
1325707876049035265,0.0
1325773064144105474,0.0
1334540646540079113,0.0
1325770219017678848,2.0
1325804921099341824,1.0
1333838050133159937,1.0
1326905248523411460,2.0
1326596188821360640,1.0
1326200397174857731,2.0
1325829664930222080,1.0
1326154188565393409,0.0
1325861306898018309,0.0
1325939587525578752,0.0
1336093329214353415,1.0
1325900935089057792,2.0
1325909197146435590,2.0
1325770338517606400,1.0
1328486949213114378,1.0
1325861435071746050,0.0
1329031959868289024,0.0
1326166964033740800,2.0
1329131974347296768,2.0
1334516060628918274,2.0
1336401735976247296,0.0
1325770767733284864,2.0
1334561235908497408,1.0
1330779039468900352,2.0
1325885967077683207,2.0
1329109043672084481,0.0
1334551694999506948,1.0
1325917329037864966,2.0
1334550744561721345,1.0
1336285655723196416,1.0
1326004445843480577,0.0
1333860215771566081,1.0
1333410907603558402,1.0
1335246251789406209,1.0
1329787972678389760,1.0
1326241550595022850,2.0
1325880971078619137,0.0
1325828371654209537,0.0
1325783886949986304,2.0
1329476565156020224,1.0
1325851250844372996,0.0
1329081410720649224,1.0
1325813467673223169,2.0
1327800753826660352,1.0
1325879876084228099,0.0
1327656031330185216,2.0
1328341482546339840,1.0
1326087251303018496,2.0
1325904963235586050,2.0
1325698526613999616,1.0
1325712117455056896,2.0
1329055545144324097,2.0
1328853868386643976,2.0
1329232896415191042,2.0
1325714771300274177,1.0
1325864497664446470,2.0
1325851495418499079,2.0
1329347105656332289,2.0
1325777533267275777,0.0
1325837762986086404,0.0
1326075989282189313,0.0
1332148323751399424,1.0
1325821775125491712,0.0
1333657261579919361,1.0
1325863146800680960,0.0
1335731124635652097,0.0
1325865998038208513,2.0
1325770367240114178,2.0
1325873256931467272,2.0
1325687790244405255,0.0
1325849577354833921,2.0
1326229204116049922,0.0
1330864868900167682,2.0
1325770370188668929,2.0
1325778438800728064,1.0
1329059374933880839,2.0
1325770977641422848,1.0
1326213425865887744,1.0
1325666271745118208,1.0
1330783549650251776,1.0
1336353372979552268,2.0
1325905585951428608,0.0
1326089530722672642,0.0
1325948023717978113,0.0
1325992175218417665,0.0
1325717078117003264,1.0
1325878808889712640,1.0
1326727182706765825,2.0
1334081393039605762,1.0
1325906862072586240,2.0
1328487534607798272,1.0
1325770322474393600,1.0
1326225443381501955,0.0
1326198121630720001,2.0
1325937942423072769,0.0
1325676161100230656,0.0
1334647824550686723,1.0
1328307833100754946,2.0
1330787646327681024,0.0
1326089979123077122,0.0
1334214883332796417,1.0
1325770142203121664,1.0
1326044945531219975,1.0
1325770248382001152,1.0
1328029098950713345,0.0
1329104187616079872,0.0
1325784714062409728,2.0
1325858382142713858,0.0
1325834151300304899,0.0
1333154694198398978,0.0
1328729663183568896,1.0
1325825191998611457,0.0
1326148947941990405,2.0
1329113848473915394,0.0
1336384707710345229,1.0
1325866511769235458,0.0
1325845060823502848,0.0
1336212154815569920,1.0
1325770436035088387,2.0
1325846298914910211,2.0
1325808485775368197,2.0
1325853962088669186,2.0
1326214887446601728,0.0
1325972470336278530,1.0
1328815377716027394,2.0
1325786157674852354,2.0
